Title,Role
Director of Assessment,"Assessment, Research, & Accountability"
Director of Research,"Assessment, Research, & Accountability"
Director of Accountability,"Assessment, Research, & Accountability"
"Director of Assessment, Research, and Accountability","Assessment, Research, & Accountability"
Testing Coordinator,"Assessment, Research, & Accountability"
Data Coach,"Assessment, Research, & Accountability"
Principal,Building Level Leadership
Vice Principal,Building Level Leadership
Assistant Principal,Building Level Leadership
VP,Building Level Leadership
AP,Building Level Leadership
Business Administrator,Business Office
Board Secretary,Business Office
Accounts Payable,Business Office
Board President,Business Office
Assistant Superintendent,Curriculum & Instruction Leadership
Chief Academic Officer,Curriculum & Instruction Leadership
Director of Curriculum & Instruction,Curriculum & Instruction Leadership
Director of Curriculum,Curriculum & Instruction Leadership
Director of Instruction,Curriculum & Instruction Leadership
Deputy Superintendent,Curriculum & Instruction Leadership
Superintendent,District Leadership
Executive Director,District Leadership
Director of Special Education,Student Services Leadership
Supervisor of Special Education,Student Services Leadership
Director of Special Services,Student Services Leadership
Supervisor of Special Services,Student Services Leadership
Director of Special Ed,Student Services Leadership
Supervisor of Special Ed,Student Services Leadership
Interventionist,Student Services Specialist
Counselor,Student Services Specialist
School Counselor,Student Services Specialist
MTSS/RTI Coordinator,Student Services Specialist
Gifted Coordinator,Student Services Specialist
ELL,Student Services Specialist
Child Study Team,Student Services Specialist
SpEd pull-out SETSS/Resource/Team,Student Services Specialist
School Psychologist,Student Services Specialist
Social Worker,Student Services Specialist
MTSS Coordinator,Student Services Specialist
RTI Coordinator,Student Services Specialist
Math Supervisor,Subject Area Specialist
ELA Supervisor,Subject Area Specialist
Science Supervisor,Subject Area Specialist
Math Coach,Subject Area Specialist
ELA Coach,Subject Area Specialist
Science Coach,Subject Area Specialist
Director of Technology,Technology Leadership
CIO/CTO,Technology Leadership
CIO,Technology Leadership
CTO,Technology Leadership
Chief Technology Officer,Technology Leadership
Technology Support,Technology Specialist
SIS Manager,Technology Specialist
Data Systems Administrator,Technology Specialist
Student Information Systems Manager,Technology Specialist
ELL Supervisor,Student Services Specialist
Instructional Technology or Technology Coach,Technology Specialist
Math Curriculum Coordinator- Elementary,Subject Area Specialist
Math Curriculum Coordinator- Secondary,Subject Area Specialist
ELA Curriculum Coordinator,Subject Area Specialist
Science Curriculum Coordinator,Subject Area Specialist
Social Studies Curriculum Coordinator,Subject Area Specialist
Family Consumer Science Curriculum Coordinator,Subject Area Specialist
Health/PE Curriculum Coordinator,Subject Area Specialist
Library Curriculum Coordinator,Subject Area Specialist
Music Curriculum Coordinator,Subject Area Specialist
Technology and Engineering Curriculum Coordinator,Subject Area Specialist
Visual Arts Curriculum Coordinator,Subject Area Specialist
World Language Curriculum Coordinator,Subject Area Specialist
Literacy Specialist,Subject Area Specialist
Math Specialist,Subject Area Specialist
Intervention Facilitator,Student Services Specialist
Math Supervisor(s) and Coaches,Subject Area Specialist
ELA Supervisor(s) and Coaches,Subject Area Specialist
MTSS/RTI Program Coordinator(s),Student Services Specialist
Technology Project Manager,Technology Leadership
Math Interventionists and Coaches, Student Services Specialist 
ELA Interventionists and Coaches, Student Services Specialist 
Director of Student Services, Student Services Leadership
Coordinator of Federal Programs, Student Services Leadership
"Supervisor of Continuous Imporvement (Assessment, Research, & Accountability)", Student Services Leadership
Supervisor of Elementary Education, Student Services Leadership
Supervisor of Secondary Education, Student Services Leadership
Elementary Principal, Building Level Leadership 
Upper Elementary Principal, Building Level Leadership
Middle School Principal, Building Level Leadership
High School Principal, Building Level Leadership
High School Vice Principal, Building Level Leadership
K-12 Career Counselor, Student Services Specialist
Special Education Supervisor, Student Services Leadership
Data Analyst or Coach, Student Services Specialist
Supervisor of ELA / Humanities and Federal Programs, Student Services Leadership
Supervisor of STEAM, Student Services Leadership
Supervisor of SPED K-5, Student Services Leadership
Supervisor of SPED 6-12, Student Services Leadership
Assistant Superintendent/Director of Curriculum, Curriculum & Instruction Leadership
Curriculum Coordinator, Curriculum & Instruction Leadership
School Nurse, Student Services Specialist
Technology Systems Administrator, Technology Specialist
Dean of Students, Building Level Leadership
Supervisor of Counseling, Student Services Leadership
Supervisor of Math, Student Services Leadership